{
  "嘉定区":[121.254179,31.348861],
  "浦东新区": [121.546807,31.225582]
}